title,year,rating
Gladiator,2000,8.5
Memento,2000,8.5
Snatch,2000,8.3
Requiem for a Dream,2000,8.3
X-Men,2000,7.4
Cast Away,2000,7.8
American Psycho,2000,7.6
Unbreakable,2000,7.3
Meet the Parents,2000,7
Mission: Impossible II,2000,6.1
"O Brother, Where Art Thou?",2000,7.8
Gone in Sixty Seconds,2000,6.5
Wo hu cang long,2000,7.9
The Patriot,2000,7.2
Almost Famous,2000,7.9
Pitch Black,2000,7.1
Scary Movie,2000,6.2
Final Destination,2000,6.7
"Me, Myself & Irene",2000,6.6
The Beach,2000,6.6
Amores perros,2000,8.1
Traffic,2000,7.6
Remember the Titans,2000,7.8
How the Grinch Stole Christmas,2000,6.1
What Women Want,2000,6.4
Chocolat,2000,7.3
Miss Congeniality,2000,6.2
Chicken Run,2000,7
Charlie's Angels,2000,5.5
Batoru rowaiaru,2000,7.7
High Fidelity,2000,7.5
The Emperor's New Groove,2000,7.3
Erin Brockovich,2000,7.3
Road Trip,2000,6.5
The Perfect Storm,2000,6.4
"Dude, Where's My Car?",2000,5.5
Hollow Man,2000,5.7
Scream 3,2000,5.6
Billy Elliot,2000,7.7
Shanghai Noon,2000,6.6
The 6th Day,2000,5.9
What Lies Beneath,2000,6.6
Malcolm in the Middle,2000,8
Pay It Forward,2000,7.2
Faa yeung nin wa,2000,8.1
The Whole Nine Yards,2000,6.7
Coyote Ugly,2000,5.7
Men of Honor,2000,7.2
The Family Man,2000,6.8
Frequency,2000,7.4
Gladiator,2000,8.5
Memento,2000,8.5
Snatch,2000,8.3
Requiem for a Dream,2000,8.3
X-Men,2000,7.4
Cast Away,2000,7.8
American Psycho,2000,7.6
Unbreakable,2000,7.3
Meet the Parents,2000,7
Mission: Impossible II,2000,6.1
"O Brother, Where Art Thou?",2000,7.8
Gone in Sixty Seconds,2000,6.5
Wo hu cang long,2000,7.9
The Patriot,2000,7.2
Almost Famous,2000,7.9
Pitch Black,2000,7.1
Scary Movie,2000,6.2
Final Destination,2000,6.7
"Me, Myself & Irene",2000,6.6
The Beach,2000,6.6
Amores perros,2000,8.1
Traffic,2000,7.6
Remember the Titans,2000,7.8
How the Grinch Stole Christmas,2000,6.1
What Women Want,2000,6.4
Chocolat,2000,7.3
Miss Congeniality,2000,6.2
Chicken Run,2000,7
Charlie's Angels,2000,5.5
Batoru rowaiaru,2000,7.7
High Fidelity,2000,7.5
The Emperor's New Groove,2000,7.3
Erin Brockovich,2000,7.3
Road Trip,2000,6.5
The Perfect Storm,2000,6.4
"Dude, Where's My Car?",2000,5.5
Hollow Man,2000,5.7
Scream 3,2000,5.6
Billy Elliot,2000,7.7
Shanghai Noon,2000,6.6
The 6th Day,2000,5.9
What Lies Beneath,2000,6.6
Malcolm in the Middle,2000,8
Pay It Forward,2000,7.2
Faa yeung nin wa,2000,8.1
The Whole Nine Yards,2000,6.7
Coyote Ugly,2000,5.7
Men of Honor,2000,7.2
The Family Man,2000,6.8
Frequency,2000,7.4
The Lord of the Rings: The Fellowship of the Ring,2001,8.8
A Beautiful Mind,2001,8.2
"Monsters, Inc.",2001,8.1
Donnie Darko,2001,8.1
AmÃ©lie,2001,8.3
Harry Potter and the Sorcerer's Stone,2001,7.6
Shrek,2001,7.9
Sen to Chihiro no kamikakushi,2001,8.6
Ocean's Eleven,2001,7.8
Training Day,2001,7.7
Black Hawk Down,2001,7.7
The Fast and the Furious,2001,6.8
The Others,2001,7.6
Band of Brothers,2001,9.5
Pearl Harbor,2001,6.1
Mulholland Dr.,2001,8
The Mummy Returns,2001,6.4
Artificial Intelligence: AI,2001,7.1
Jurassic Park III,2001,5.9
Moulin Rouge!,2001,7.6
The Royal Tenenbaums,2001,7.6
Hannibal,2001,6.8
Vanilla Sky,2001,6.9
Zoolander,2001,6.6
American Pie 2,2001,6.4
Blow,2001,7.6
Scrubs,2001,8.4
Enemy at the Gates,2001,7.6
Bridget Jones's Diary,2001,6.7
Planet of the Apes,2001,5.7
Lara Croft: Tomb Raider,2001,5.8
Rush Hour 2,2001,6.6
Swordfish,2001,6.5
K-PAX,2001,7.4
24,2001,8.4
Legally Blonde,2001,6.3
A Knight's Tale,2001,6.9
Jay and Silent Bob Strike Back,2001,6.9
From Hell,2001,6.8
Scary Movie 2,2001,5.3
I Am Sam,2001,7.6
Spy Game,2001,7.1
Shallow Hal,2001,5.9
The Princess Diaries,2001,6.3
The Score,2001,6.8
Evolution,2001,6.1
Six Feet Under,2001,8.7
Smallville,2001,7.5
Ghost World,2001,7.4
Y tu mamÃ¡ tambiÃ©n,2001,7.7
The Lord of the Rings: The Fellowship of the Ring,2001,8.8
A Beautiful Mind,2001,8.2
"Monsters, Inc.",2001,8.1
Donnie Darko,2001,8.1
AmÃ©lie,2001,8.3
Harry Potter and the Sorcerer's Stone,2001,7.6
Shrek,2001,7.9
Sen to Chihiro no kamikakushi,2001,8.6
Ocean's Eleven,2001,7.8
Training Day,2001,7.7
Black Hawk Down,2001,7.7
The Fast and the Furious,2001,6.8
The Others,2001,7.6
Band of Brothers,2001,9.5
Pearl Harbor,2001,6.1
Mulholland Dr.,2001,8
The Mummy Returns,2001,6.4
Artificial Intelligence: AI,2001,7.1
Jurassic Park III,2001,5.9
Moulin Rouge!,2001,7.6
The Royal Tenenbaums,2001,7.6
Hannibal,2001,6.8
Vanilla Sky,2001,6.9
Zoolander,2001,6.6
American Pie 2,2001,6.4
Blow,2001,7.6
Scrubs,2001,8.4
Enemy at the Gates,2001,7.6
Bridget Jones's Diary,2001,6.7
Planet of the Apes,2001,5.7
Lara Croft: Tomb Raider,2001,5.8
Rush Hour 2,2001,6.6
Swordfish,2001,6.5
K-PAX,2001,7.4
24,2001,8.4
Legally Blonde,2001,6.3
A Knight's Tale,2001,6.9
Jay and Silent Bob Strike Back,2001,6.9
From Hell,2001,6.8
Scary Movie 2,2001,5.3
I Am Sam,2001,7.6
Spy Game,2001,7.1
Shallow Hal,2001,5.9
The Princess Diaries,2001,6.3
The Score,2001,6.8
Evolution,2001,6.1
Six Feet Under,2001,8.7
Smallville,2001,7.5
Ghost World,2001,7.4
Y tu mamÃ¡ tambiÃ©n,2001,7.7
The Lord of the Rings: The Two Towers,2002,8.7
Catch Me If You Can,2002,8.1
Cidade de Deus,2002,8.6
Spider-Man,2002,7.3
The Pianist,2002,8.5
Star Wars: Episode II - Attack of the Clones,2002,6.6
Harry Potter and the Chamber of Secrets,2002,7.4
The Bourne Identity,2002,7.9
Minority Report,2002,7.7
Ice Age,2002,7.5
Gangs of New York,2002,7.5
28 Days Later...,2002,7.6
Signs,2002,6.7
Men in Black II,2002,6.1
The Ring,2002,7.1
Equilibrium,2002,7.5
The Transporter,2002,6.8
Insomnia,2002,7.2
The Wire,2002,9.3
Panic Room,2002,6.8
Phone Booth,2002,7.1
Red Dragon,2002,7.2
Resident Evil,2002,6.7
Road to Perdition,2002,7.7
8 Mile,2002,7.1
Firefly,2002,9
Chicago,2002,7.2
Die Another Day,2002,6.1
A Walk to Remember,2002,7.4
Blade II,2002,6.7
Austin Powers in Goldmember,2002,6.2
xXx,2002,5.9
Ying xiong,2002,7.9
Adaptation.,2002,7.7
25th Hour,2002,7.7
About a Boy,2002,7.1
Lilo & Stitch,2002,7.2
Bowling for Columbine,2002,8
Punch-Drunk Love,2002,7.3
Mr. Deeds,2002,5.8
The Scorpion King,2002,5.5
We Were Soldiers,2002,7.2
The Count of Monte Cristo,2002,7.8
Reign of Fire,2002,6.2
About Schmidt,2002,7.2
The Hours,2002,7.6
John Q,2002,7.1
My Big Fat Greek Wedding,2002,6.6
The Time Machine,2002,5.9
Mou gaan dou,2002,8.1
The Lord of the Rings: The Two Towers,2002,8.7
Catch Me If You Can,2002,8.1
Cidade de Deus,2002,8.6
Spider-Man,2002,7.3
The Pianist,2002,8.5
Star Wars: Episode II - Attack of the Clones,2002,6.6
Harry Potter and the Chamber of Secrets,2002,7.4
The Bourne Identity,2002,7.9
Minority Report,2002,7.7
Ice Age,2002,7.5
Gangs of New York,2002,7.5
28 Days Later...,2002,7.6
Signs,2002,6.7
Men in Black II,2002,6.1
The Ring,2002,7.1
Equilibrium,2002,7.5
The Transporter,2002,6.8
Insomnia,2002,7.2
The Wire,2002,9.3
Panic Room,2002,6.8
Phone Booth,2002,7.1
Red Dragon,2002,7.2
Resident Evil,2002,6.7
Road to Perdition,2002,7.7
8 Mile,2002,7.1
Firefly,2002,9
Chicago,2002,7.2
Die Another Day,2002,6.1
A Walk to Remember,2002,7.4
Blade II,2002,6.7
Austin Powers in Goldmember,2002,6.2
xXx,2002,5.9
Ying xiong,2002,7.9
Adaptation.,2002,7.7
25th Hour,2002,7.7
About a Boy,2002,7.1
Lilo & Stitch,2002,7.2
Bowling for Columbine,2002,8
Punch-Drunk Love,2002,7.3
Mr. Deeds,2002,5.8
The Scorpion King,2002,5.5
We Were Soldiers,2002,7.2
The Count of Monte Cristo,2002,7.8
Reign of Fire,2002,6.2
About Schmidt,2002,7.2
The Hours,2002,7.6
John Q,2002,7.1
My Big Fat Greek Wedding,2002,6.6
The Time Machine,2002,5.9
Mou gaan dou,2002,8.1
The Lord of the Rings: The Return of the King,2003,8.9
Pirates of the Caribbean: The Curse of the Black Pearl,2003,8
Kill Bill: Vol. 1,2003,8.1
Finding Nemo,2003,8.1
X2,2003,7.5
The Matrix Reloaded,2003,7.2
Oldeuboi,2003,8.4
The Matrix Revolutions,2003,6.7
Big Fish,2003,8
Mystic River,2003,8
Love Actually,2003,7.6
Lost in Translation,2003,7.8
The Last Samurai,2003,7.7
Terminator 3: Rise of the Machines,2003,6.3
Bruce Almighty,2003,6.7
The Italian Job,2003,7
Arrested Development,2003,8.9
The School of Rock,2003,7.1
Underworld,2003,7
Hulk,2003,5.7
2 Fast 2 Furious,2003,5.9
Two and a Half Men,2003,7.1
21 Grams,2003,7.7
Identity,2003,7.3
Bad Boys II,2003,6.6
Old School,2003,7.1
Daredevil,2003,5.3
Anger Management,2003,6.2
Elf,2003,6.9
How to Lose a Guy in 10 Days,2003,6.4
Master and Commander: The Far Side of the World,2003,7.4
Avatar: The Last Airbender,2003,9.2
American Wedding,2003,6.3
The League of Extraordinary Gentlemen,2003,5.8
Once Upon a Time in Mexico,2003,6.4
Final Destination 2,2003,6.2
Johnny English,2003,6.2
Cold Mountain,2003,7.2
S.W.A.T.,2003,6
Good Bye Lenin!,2003,7.7
Bad Santa,2003,7.1
Scary Movie 3,2003,5.5
Dogville,2003,8
The Recruit,2003,6.6
Monster,2003,7.3
The Texas Chainsaw Massacre,2003,6.2
Lara Croft Tomb Raider: The Cradle of Life,2003,5.5
Matchstick Men,2003,7.3
Freaky Friday,2003,6.2
Charlie's Angels: Full Throttle,2003,4.9
The Lord of the Rings: The Return of the King,2003,8.9
Pirates of the Caribbean: The Curse of the Black Pearl,2003,8
Kill Bill: Vol. 1,2003,8.1
Finding Nemo,2003,8.1
X2,2003,7.5
The Matrix Reloaded,2003,7.2
Oldeuboi,2003,8.4
The Matrix Revolutions,2003,6.7
Big Fish,2003,8
Mystic River,2003,8
Love Actually,2003,7.6
Lost in Translation,2003,7.8
The Last Samurai,2003,7.7
Terminator 3: Rise of the Machines,2003,6.3
Bruce Almighty,2003,6.7
The Italian Job,2003,7
Arrested Development,2003,8.9
The School of Rock,2003,7.1
Underworld,2003,7
Hulk,2003,5.7
2 Fast 2 Furious,2003,5.9
Two and a Half Men,2003,7.1
21 Grams,2003,7.7
Identity,2003,7.3
Bad Boys II,2003,6.6
Old School,2003,7.1
Daredevil,2003,5.3
Anger Management,2003,6.2
Elf,2003,6.9
How to Lose a Guy in 10 Days,2003,6.4
Master and Commander: The Far Side of the World,2003,7.4
Avatar: The Last Airbender,2003,9.2
American Wedding,2003,6.3
The League of Extraordinary Gentlemen,2003,5.8
Once Upon a Time in Mexico,2003,6.4
Final Destination 2,2003,6.2
Johnny English,2003,6.2
Cold Mountain,2003,7.2
S.W.A.T.,2003,6
Good Bye Lenin!,2003,7.7
Bad Santa,2003,7.1
Scary Movie 3,2003,5.5
Dogville,2003,8
The Recruit,2003,6.6
Monster,2003,7.3
The Texas Chainsaw Massacre,2003,6.2
Lara Croft Tomb Raider: The Cradle of Life,2003,5.5
Matchstick Men,2003,7.3
Freaky Friday,2003,6.2
Charlie's Angels: Full Throttle,2003,4.9
Eternal Sunshine of the Spotless Mind,2004,8.3
Kill Bill: Vol. 2,2004,8
The Incredibles,2004,8
Million Dollar Baby,2004,8.1
Spider-Man 2,2004,7.3
Harry Potter and the Prisoner of Azkaban,2004,7.9
The Notebook,2004,7.9
Shaun of the Dead,2004,7.9
"I, Robot",2004,7.1
Lost,2004,8.4
Troy,2004,7.2
The Butterfly Effect,2004,7.7
The Bourne Supremacy,2004,7.8
Crash,2004,7.8
The Day After Tomorrow,2004,6.4
Shrek 2,2004,7.2
House M.D.,2004,8.7
The Terminal,2004,7.3
Saw,2004,7.6
Collateral,2004,7.5
Ocean's Twelve,2004,6.5
The Machinist,2004,7.7
Hotel Rwanda,2004,8.1
Anchorman: The Legend of Ron Burgundy,2004,7.2
Man on Fire,2004,7.7
The Aviator,2004,7.5
50 First Dates,2004,6.8
Der Untergang,2004,8.2
Mean Girls,2004,7
National Treasure,2004,6.9
Hellboy,2004,6.9
Hauru no ugoku shiro,2004,8.2
Meet the Fockers,2004,6.3
Van Helsing,2004,6.1
The Village,2004,6.5
Dawn of the Dead,2004,7.3
Dodgeball: A True Underdog Story,2004,6.7
Before Sunset,2004,8.1
The Chronicles of Riddick,2004,6.7
Garden State,2004,7.5
The Passion of the Christ,2004,7.2
Finding Neverland,2004,7.7
The Girl Next Door,2004,6.7
Closer,2004,7.3
A Series of Unfortunate Events,2004,6.8
Napoleon Dynamite,2004,6.9
EuroTrip,2004,6.6
Resident Evil: Apocalypse,2004,6.2
AVP: Alien vs. Predator,2004,5.6
Harold & Kumar Go to White Castle,2004,7.1
Eternal Sunshine of the Spotless Mind,2004,8.3
Kill Bill: Vol. 2,2004,8
The Incredibles,2004,8
Million Dollar Baby,2004,8.1
Spider-Man 2,2004,7.3
Harry Potter and the Prisoner of Azkaban,2004,7.9
The Notebook,2004,7.9
Shaun of the Dead,2004,7.9
"I, Robot",2004,7.1
Lost,2004,8.4
Troy,2004,7.2
The Butterfly Effect,2004,7.7
The Bourne Supremacy,2004,7.8
Crash,2004,7.8
The Day After Tomorrow,2004,6.4
Shrek 2,2004,7.2
House M.D.,2004,8.7
The Terminal,2004,7.3
Saw,2004,7.6
Collateral,2004,7.5
Ocean's Twelve,2004,6.5
The Machinist,2004,7.7
Hotel Rwanda,2004,8.1
Anchorman: The Legend of Ron Burgundy,2004,7.2
Man on Fire,2004,7.7
The Aviator,2004,7.5
50 First Dates,2004,6.8
Der Untergang,2004,8.2
Mean Girls,2004,7
National Treasure,2004,6.9
Hellboy,2004,6.9
Hauru no ugoku shiro,2004,8.2
Meet the Fockers,2004,6.3
Van Helsing,2004,6.1
The Village,2004,6.5
Dawn of the Dead,2004,7.3
Dodgeball: A True Underdog Story,2004,6.7
Before Sunset,2004,8.1
The Chronicles of Riddick,2004,6.7
Garden State,2004,7.5
The Passion of the Christ,2004,7.2
Finding Neverland,2004,7.7
The Girl Next Door,2004,6.7
Closer,2004,7.3
A Series of Unfortunate Events,2004,6.8
Napoleon Dynamite,2004,6.9
EuroTrip,2004,6.6
Resident Evil: Apocalypse,2004,6.2
AVP: Alien vs. Predator,2004,5.6
Harold & Kumar Go to White Castle,2004,7.1
Batman Begins,2005,8.3
V for Vendetta,2005,8.2
Sin City,2005,8
Star Wars: Episode III - Revenge of the Sith,2005,7.6
How I Met Your Mother,2005,8.3
Harry Potter and the Goblet of Fire,2005,7.7
Prison Break,2005,8.4
Mr. & Mrs. Smith,2005,6.5
Charlie and the Chocolate Factory,2005,6.7
War of the Worlds,2005,6.5
King Kong,2005,7.2
The 40 Year Old Virgin,2005,7.1
Supernatural,2005,8.5
"The Chronicles of Narnia: The Lion, the Witch and the Wardrobe",2005,6.9
Madagascar,2005,6.9
Wedding Crashers,2005,7
Brokeback Mountain,2005,7.7
Fantastic Four,2005,5.7
The Island,2005,6.9
The Office,2005,8.8
Lord of War,2005,7.6
Hitch,2005,6.6
Constantine,2005,7
Serenity,2005,7.9
Kingdom of Heaven,2005,7.2
Pride & Prejudice,2005,7.8
Corpse Bride,2005,7.4
Saw II,2005,6.6
Walk the Line,2005,7.9
A History of Violence,2005,7.5
Grey's Anatomy,2005,7.6
Thank You for Smoking,2005,7.6
Kiss Kiss Bang Bang,2005,7.6
Munich,2005,7.6
Match Point,2005,7.6
The Descent,2005,7.2
Doctor Who,2005,8.7
Transporter 2,2005,6.3
The Hitchhiker's Guide to the Galaxy,2005,6.8
It's Always Sunny in Philadelphia,2005,8.7
Cinderella Man,2005,8
Jarhead,2005,7
Hostel,2005,5.9
The Longest Yard,2005,6.4
Hard Candy,2005,7.1
Flightplan,2005,6.3
Rome,2005,8.8
Criminal Minds,2005,8.1
Hooligans,2005,7.5
Memoirs of a Geisha,2005,7.4
Batman Begins,2005,8.3
V for Vendetta,2005,8.2
Sin City,2005,8
Star Wars: Episode III - Revenge of the Sith,2005,7.6
How I Met Your Mother,2005,8.3
Harry Potter and the Goblet of Fire,2005,7.7
Prison Break,2005,8.4
Mr. & Mrs. Smith,2005,6.5
Charlie and the Chocolate Factory,2005,6.7
War of the Worlds,2005,6.5
King Kong,2005,7.2
The 40 Year Old Virgin,2005,7.1
Supernatural,2005,8.5
"The Chronicles of Narnia: The Lion, the Witch and the Wardrobe",2005,6.9
Madagascar,2005,6.9
Wedding Crashers,2005,7
Brokeback Mountain,2005,7.7
Fantastic Four,2005,5.7
The Island,2005,6.9
The Office,2005,8.8
Lord of War,2005,7.6
Hitch,2005,6.6
Constantine,2005,7
Serenity,2005,7.9
Kingdom of Heaven,2005,7.2
Pride & Prejudice,2005,7.8
Corpse Bride,2005,7.4
Saw II,2005,6.6
Walk the Line,2005,7.9
A History of Violence,2005,7.5
Grey's Anatomy,2005,7.6
Thank You for Smoking,2005,7.6
Kiss Kiss Bang Bang,2005,7.6
Munich,2005,7.6
Match Point,2005,7.6
The Descent,2005,7.2
Doctor Who,2005,8.7
Transporter 2,2005,6.3
The Hitchhiker's Guide to the Galaxy,2005,6.8
It's Always Sunny in Philadelphia,2005,8.7
Cinderella Man,2005,8
Jarhead,2005,7
Hostel,2005,5.9
The Longest Yard,2005,6.4
Hard Candy,2005,7.1
Flightplan,2005,6.3
Rome,2005,8.8
Criminal Minds,2005,8.1
Hooligans,2005,7.5
Memoirs of a Geisha,2005,7.4
The Departed,2006,8.5
The Prestige,2006,8.5
300,2006,7.7
The Big Bang Theory,2007,8.2
Pirates of the Caribbean: Dead Man's Chest,2006,7.3
Dexter,2006,8.7
Pan's Labyrinth,2006,8.2
Casino Royale,2006,8
Blood Diamond,2006,8
X-Men: The Last Stand,2006,6.7
Children of Men,2006,7.9
Little Miss Sunshine,2006,7.8
The Pursuit of Happyness,2006,8
The Da Vinci Code,2006,6.6
The Illusionist,2006,7.6
The Devil Wears Prada,2006,6.9
Borat: Cultural Learnings of America for Make Benefit Glorious Nation of Kazakhstan,2006,7.3
Cars,2006,7.1
The Lives of Others,2006,8.4
Inside Man,2006,7.6
Mission: Impossible III,2006,6.9
Lucky Number Slevin,2006,7.8
Night at the Museum,2006,6.4
Click,2006,6.4
Deja Vu,2006,7.1
Babel,2006,7.5
Apocalypto,2006,7.8
Superman Returns,2006,6.1
Ice Age: The Meltdown,2006,6.8
Crank,2006,7
The Holiday,2006,6.9
Heroes,2006,7.6
Perfume: The Story of a Murderer,2006,7.5
The Fast and the Furious: Tokyo Drift,2006,6
The Fountain,2006,7.3
Stranger Than Fiction,2006,7.6
Silent Hill,2006,6.6
Rocky Balboa,2006,7.2
Underworld: Evolution,2006,6.7
Death Note: Desu nÃ´to,2006,9
Saw III,2006,6.2
The Last King of Scotland,2006,7.7
Happy Feet,2006,6.5
Talladega Nights: The Ballad of Ricky Bobby,2006,6.6
The Hills Have Eyes,2006,6.4
Over the Hedge,2006,6.7
Letters from Iwo Jima,2006,7.9
Planet Earth,2006,9.4
She's the Man,2006,6.4
Smokin' Aces,2006,6.7
The Departed,2006,8.5
The Prestige,2006,8.5
300,2006,7.7
The Big Bang Theory,2007,8.2
Pirates of the Caribbean: Dead Man's Chest,2006,7.3
Dexter,2006,8.7
Pan's Labyrinth,2006,8.2
Casino Royale,2006,8
Blood Diamond,2006,8
X-Men: The Last Stand,2006,6.7
Children of Men,2006,7.9
Little Miss Sunshine,2006,7.8
The Pursuit of Happyness,2006,8
The Da Vinci Code,2006,6.6
The Illusionist,2006,7.6
The Devil Wears Prada,2006,6.9
Borat: Cultural Learnings of America for Make Benefit Glorious Nation of Kazakhstan,2006,7.3
Cars,2006,7.1
The Lives of Others,2006,8.4
Inside Man,2006,7.6
Mission: Impossible III,2006,6.9
Lucky Number Slevin,2006,7.8
Night at the Museum,2006,6.4
Click,2006,6.4
Deja Vu,2006,7.1
Babel,2006,7.5
Apocalypto,2006,7.8
Superman Returns,2006,6.1
Ice Age: The Meltdown,2006,6.8
Crank,2006,7
The Holiday,2006,6.9
Heroes,2006,7.6
Perfume: The Story of a Murderer,2006,7.5
The Fast and the Furious: Tokyo Drift,2006,6
The Fountain,2006,7.3
Stranger Than Fiction,2006,7.6
Silent Hill,2006,6.6
Rocky Balboa,2006,7.2
Underworld: Evolution,2006,6.7
Death Note: Desu nÃ´to,2006,9
Saw III,2006,6.2
The Last King of Scotland,2006,7.7
Happy Feet,2006,6.5
Talladega Nights: The Ballad of Ricky Bobby,2006,6.6
The Hills Have Eyes,2006,6.4
Over the Hedge,2006,6.7
Letters from Iwo Jima,2006,7.9
Planet Earth,2006,9.4
She's the Man,2006,6.4
Smokin' Aces,2006,6.7
No Country for Old Men,2007,8.1
I Am Legend,2007,7.2
The Bourne Ultimatum,2007,8
Ratatouille,2007,8
Transformers,2007,7.1
Pirates of the Caribbean: At World's End,2007,7.1
Into the Wild,2007,8.1
Superbad,2007,7.6
Juno,2007,7.5
There Will Be Blood,2007,8.2
Spider-Man 3,2007,6.2
Harry Potter and the Order of the Phoenix,2007,7.5
Hot Fuzz,2007,7.9
Zodiac,2007,7.7
Live Free or Die Hard,2007,7.1
American Gangster,2007,7.8
Knocked Up,2007,7
Sweeney Todd: The Demon Barber of Fleet Street,2007,7.4
Ocean's Thirteen,2007,6.9
Shooter,2007,7.2
The Simpsons Movie,2007,7.3
3:10 to Yuma,2007,7.7
The Mist,2007,7.2
Shrek the Third,2007,6.1
Death Proof,2007,7
1408,2007,6.8
28 Weeks Later,2007,7
Stardust,2007,7.7
4: Rise of the Silver Surfer,2007,5.6
Gone Baby Gone,2007,7.7
Atonement,2007,7.8
Sunshine,2007,7.3
Eastern Promises,2007,7.7
The Bucket List,2007,7.4
Ghost Rider,2007,5.2
Paranormal Activity,2007,6.3
Disturbia,2007,6.9
National Treasure: Book of Secrets,2007,6.5
P.S. I Love You,2007,7.1
Planet Terror,2007,7.1
The Number 23,2007,6.4
Mad Men,2007,8.6
Resident Evil: Extinction,2007,6.3
Grindhouse,2007,7.6
Fracture,2007,7.2
The Golden Compass,2007,6.1
Enchanted,2007,7.1
The Darjeeling Limited,2007,7.2
Californication,2007,8.3
The Man from Earth,2007,7.9
No Country for Old Men,2007,8.1
I Am Legend,2007,7.2
The Bourne Ultimatum,2007,8
Ratatouille,2007,8
Transformers,2007,7.1
Pirates of the Caribbean: At World's End,2007,7.1
Into the Wild,2007,8.1
Superbad,2007,7.6
Juno,2007,7.5
There Will Be Blood,2007,8.2
Spider-Man 3,2007,6.2
Harry Potter and the Order of the Phoenix,2007,7.5
Hot Fuzz,2007,7.9
Zodiac,2007,7.7
Live Free or Die Hard,2007,7.1
American Gangster,2007,7.8
Knocked Up,2007,7
Sweeney Todd: The Demon Barber of Fleet Street,2007,7.4
Ocean's Thirteen,2007,6.9
Shooter,2007,7.2
The Simpsons Movie,2007,7.3
3:10 to Yuma,2007,7.7
The Mist,2007,7.2
Shrek the Third,2007,6.1
Death Proof,2007,7
1408,2007,6.8
28 Weeks Later,2007,7
Stardust,2007,7.7
4: Rise of the Silver Surfer,2007,5.6
Gone Baby Gone,2007,7.7
Atonement,2007,7.8
Sunshine,2007,7.3
Eastern Promises,2007,7.7
The Bucket List,2007,7.4
Ghost Rider,2007,5.2
Paranormal Activity,2007,6.3
Disturbia,2007,6.9
National Treasure: Book of Secrets,2007,6.5
P.S. I Love You,2007,7.1
Planet Terror,2007,7.1
The Number 23,2007,6.4
Mad Men,2007,8.6
Resident Evil: Extinction,2007,6.3
Grindhouse,2007,7.6
Fracture,2007,7.2
The Golden Compass,2007,6.1
Enchanted,2007,7.1
The Darjeeling Limited,2007,7.2
Californication,2007,8.3
The Man from Earth,2007,7.9
The Dark Knight,2008,9
Breaking Bad,2008,9.5
WALLÂ·E,2008,8.4
Iron Man,2008,7.9
Slumdog Millionaire,2008,8
Gran Torino,2008,8.1
Taken,2008,7.8
The Curious Case of Benjamin Button,2008,7.8
Hancock,2008,6.4
Twilight,2008,5.2
The Incredible Hulk,2008,6.8
The Hurt Locker,2008,7.6
Indiana Jones and the Kingdom of the Crystal Skull,2008,6.2
Quantum of Solace,2008,6.6
Kung Fu Panda,2008,7.6
In Bruges,2008,7.9
Tropic Thunder,2008,7
Cloverfield,2008,7
Wanted,2008,6.7
Yes Man,2008,6.8
Pineapple Express,2008,7
Burn After Reading,2008,7
The Wrestler,2008,7.9
Jumper,2008,6.1
Seven Pounds,2008,7.6
Forgetting Sarah Marshall,2008,7.2
Step Brothers,2008,6.9
Hellboy II: The Golden Army,2008,7
Sons of Anarchy,2008,8.6
Vicky Cristina Barcelona,2008,7.1
Changeling,2008,7.7
RocknRolla,2008,7.3
True Blood,2008,7.9
The Reader,2008,7.6
21,2008,6.8
Valkyrie,2008,7.1
Role Models,2008,6.9
Fringe,2008,8.4
Rambo,2008,7
Body of Lies,2008,7.1
Yip Man,2008,8
LÃ¥t den rÃ¤tte komma in,2008,7.9
Get Smart,2008,6.5
Mamma Mia!,2008,6.4
Death Race,2008,6.4
The Happening,2008,5
Madagascar: Escape 2 Africa,2008,6.7
The Chronicles of Narnia: Prince Caspian,2008,6.5
Revolutionary Road,2008,7.3
You Don't Mess with the Zohan,2008,5.5
The Dark Knight,2008,9
Breaking Bad,2008,9.5
WALLÂ·E,2008,8.4
Iron Man,2008,7.9
Slumdog Millionaire,2008,8
Gran Torino,2008,8.1
Taken,2008,7.8
The Curious Case of Benjamin Button,2008,7.8
Hancock,2008,6.4
Twilight,2008,5.2
The Incredible Hulk,2008,6.8
The Hurt Locker,2008,7.6
Indiana Jones and the Kingdom of the Crystal Skull,2008,6.2
Quantum of Solace,2008,6.6
Kung Fu Panda,2008,7.6
In Bruges,2008,7.9
Tropic Thunder,2008,7
Cloverfield,2008,7
Wanted,2008,6.7
Yes Man,2008,6.8
Pineapple Express,2008,7
Burn After Reading,2008,7
The Wrestler,2008,7.9
Jumper,2008,6.1
Seven Pounds,2008,7.6
Forgetting Sarah Marshall,2008,7.2
Step Brothers,2008,6.9
Hellboy II: The Golden Army,2008,7
Sons of Anarchy,2008,8.6
Vicky Cristina Barcelona,2008,7.1
Changeling,2008,7.7
RocknRolla,2008,7.3
True Blood,2008,7.9
The Reader,2008,7.6
21,2008,6.8
Valkyrie,2008,7.1
Role Models,2008,6.9
Fringe,2008,8.4
Rambo,2008,7
Body of Lies,2008,7.1
Yip Man,2008,8
LÃ¥t den rÃ¤tte komma in,2008,7.9
Get Smart,2008,6.5
Mamma Mia!,2008,6.4
Death Race,2008,6.4
The Happening,2008,5
Madagascar: Escape 2 Africa,2008,6.7
The Chronicles of Narnia: Prince Caspian,2008,6.5
Revolutionary Road,2008,7.3
You Don't Mess with the Zohan,2008,5.5
Inglourious Basterds,2009,8.3
Avatar,2009,7.8
Up,2009,8.3
The Hangover,2009,7.7
District 9,2009,7.9
Star Trek,2009,8
Sherlock Holmes,2009,7.6
Zombieland,2009,7.6
Watchmen,2009,7.6
(500) Days of Summer,2009,7.7
X-Men Origins: Wolverine,2009,6.6
Harry Potter and the Half-Blood Prince,2009,7.6
Transformers: Revenge of the Fallen,2009,6
2012,2009,5.8
Terminator Salvation,2009,6.6
Moon,2009,7.9
Modern Family,2009,8.4
Up in the Air,2009,7.4
3 Idiots,2009,8.4
The Proposal,2009,6.7
The Blind Side,2009,7.7
The Vampire Diaries,2009,7.7
Public Enemies,2009,7
Law Abiding Citizen,2009,7.4
Angels & Demons,2009,6.7
The Twilight Saga: New Moon,2009,4.7
Fast & Furious,2009,6.6
Hachi: A Dog's Tale,2009,8.1
Knowing,2009,6.2
The Road,2009,7.3
Ice Age: Dawn of the Dinosaurs,2009,7
MÃ¤n som hatar kvinnor,2009,7.8
Mr. Nobody,2009,7.8
G.I. Joe: The Rise of Cobra,2009,5.8
The Ugly Truth,2009,6.5
"I Love You, Man",2009,7
Cloudy with a Chance of Meatballs,2009,7
Coraline,2009,7.7
Drag Me to Hell,2009,6.6
Fantastic Mr. Fox,2009,7.9
Orphan,2009,7
Community,2009,8.5
The Taking of Pelham 123,2009,6.4
El secreto de sus ojos,2009,8.2
Parks and Recreation,2009,8.6
17 Again,2009,6.4
Surrogates,2009,6.3
Night at the Museum: Battle of the Smithsonian,2009,6
Mary and Max,2009,8.1
He's Just Not That Into You,2009,6.4
Inglourious Basterds,2009,8.3
Avatar,2009,7.8
Up,2009,8.3
The Hangover,2009,7.7
District 9,2009,7.9
Star Trek,2009,8
Sherlock Holmes,2009,7.6
Zombieland,2009,7.6
Watchmen,2009,7.6
(500) Days of Summer,2009,7.7
X-Men Origins: Wolverine,2009,6.6
Harry Potter and the Half-Blood Prince,2009,7.6
Transformers: Revenge of the Fallen,2009,6
2012,2009,5.8
Terminator Salvation,2009,6.6
Moon,2009,7.9
Modern Family,2009,8.4
Up in the Air,2009,7.4
3 Idiots,2009,8.4
The Proposal,2009,6.7
The Blind Side,2009,7.7
The Vampire Diaries,2009,7.7
Public Enemies,2009,7
Law Abiding Citizen,2009,7.4
Angels & Demons,2009,6.7
The Twilight Saga: New Moon,2009,4.7
Fast & Furious,2009,6.6
Hachi: A Dog's Tale,2009,8.1
Knowing,2009,6.2
The Road,2009,7.3
Ice Age: Dawn of the Dinosaurs,2009,7
MÃ¤n som hatar kvinnor,2009,7.8
Mr. Nobody,2009,7.8
G.I. Joe: The Rise of Cobra,2009,5.8
The Ugly Truth,2009,6.5
"I Love You, Man",2009,7
Cloudy with a Chance of Meatballs,2009,7
Coraline,2009,7.7
Drag Me to Hell,2009,6.6
Fantastic Mr. Fox,2009,7.9
Orphan,2009,7
Community,2009,8.5
The Taking of Pelham 123,2009,6.4
El secreto de sus ojos,2009,8.2
Parks and Recreation,2009,8.6
17 Again,2009,6.4
Surrogates,2009,6.3
Night at the Museum: Battle of the Smithsonian,2009,6
Mary and Max,2009,8.1
He's Just Not That Into You,2009,6.4
Inception,2010,8.8
Shutter Island,2010,8.1
The Walking Dead,2010,8.3
Sherlock,2010,9.2
Toy Story 3,2010,8.3
Black Swan,2010,8
Iron Man 2,2010,7
How to Train Your Dragon,2010,8.1
The King's Speech,2010,8
The Social Network,2010,7.7
Kick-Ass,2010,7.6
Despicable Me,2010,7.7
Harry Potter and the Deathly Hallows: Part 1,2010,7.7
Tangled,2010,7.8
Alice in Wonderland,2010,6.5
Scott Pilgrim vs. the World,2010,7.5
Easy A,2010,7.1
127 Hours,2010,7.6
The Town,2010,7.6
The Fighter,2010,7.8
The Expendables,2010,6.5
Due Date,2010,6.6
Tron,2010,6.8
True Grit,2010,7.6
Salt,2010,6.4
RED,2010,7.1
The Book of Eli,2010,6.9
Clash of the Titans,2010,5.8
Prince of Persia: The Sands of Time,2010,6.6
Insidious,2010,6.9
Robin Hood,2010,6.7
The A-Team,2010,6.8
The Other Guys,2010,6.7
The Twilight Saga: Eclipse,2010,5
Grown Ups,2010,6
The Tourist,2010,6
Megamind,2010,7.3
Spartacus: Blood and Sand,2010,8.5
Predators,2010,6.4
Machete,2010,6.6
Unstoppable,2010,6.8
Knight and Day,2010,6.3
Blue Valentine,2010,7.4
The Next Three Days,2010,7.4
Love & Other Drugs,2010,6.7
Shrek Forever After,2010,6.3
Percy Jackson & the Olympians: The Lightning Thief,2010,5.9
Get Him to the Greek,2010,6.4
Boardwalk Empire,2010,8.6
Hot Tub Time Machine,2010,6.4
Inception,2010,8.8
Shutter Island,2010,8.1
The Walking Dead,2010,8.3
Sherlock,2010,9.2
Toy Story 3,2010,8.3
Black Swan,2010,8
Iron Man 2,2010,7
How to Train Your Dragon,2010,8.1
The King's Speech,2010,8
The Social Network,2010,7.7
Kick-Ass,2010,7.6
Despicable Me,2010,7.7
Harry Potter and the Deathly Hallows: Part 1,2010,7.7
Tangled,2010,7.8
Alice in Wonderland,2010,6.5
Scott Pilgrim vs. the World,2010,7.5
Easy A,2010,7.1
127 Hours,2010,7.6
The Town,2010,7.6
The Fighter,2010,7.8
The Expendables,2010,6.5
Due Date,2010,6.6
Tron,2010,6.8
True Grit,2010,7.6
Salt,2010,6.4
RED,2010,7.1
The Book of Eli,2010,6.9
Clash of the Titans,2010,5.8
Prince of Persia: The Sands of Time,2010,6.6
Insidious,2010,6.9
Robin Hood,2010,6.7
The A-Team,2010,6.8
The Other Guys,2010,6.7
The Twilight Saga: Eclipse,2010,5
Grown Ups,2010,6
The Tourist,2010,6
Megamind,2010,7.3
Spartacus: Blood and Sand,2010,8.5
Predators,2010,6.4
Machete,2010,6.6
Unstoppable,2010,6.8
Knight and Day,2010,6.3
Blue Valentine,2010,7.4
The Next Three Days,2010,7.4
Love & Other Drugs,2010,6.7
Shrek Forever After,2010,6.3
Percy Jackson & the Olympians: The Lightning Thief,2010,5.9
Get Him to the Greek,2010,6.4
Boardwalk Empire,2010,8.6
Hot Tub Time Machine,2010,6.4
Game of Thrones,2011,9.5
Harry Potter and the Deathly Hallows: Part 2,2011,8.1
The Intouchables,2011,8.5
Thor,2011,7
Captain America: The First Avenger,2011,6.9
X: First Class,2011,7.7
Drive,2011,7.8
Limitless,2011,7.4
Rise of the Planet of the Apes,2011,7.6
Source Code,2011,7.5
Pirates of the Caribbean: On Stranger Tides,2011,6.6
"Crazy, Stupid, Love.",2011,7.4
The Hangover Part II,2011,6.5
Mission: Impossible - Ghost Protocol,2011,7.4
Warrior,2011,8.2
Horrible Bosses,2011,6.9
Sherlock Holmes: A Game of Shadows,2011,7.5
The Help,2011,8.1
The Girl with the Dragon Tattoo,2011,7.8
Transformers: Dark of the Moon,2011,6.3
Midnight in Paris,2011,7.7
In Time,2011,6.7
The Cabin in the Woods,2011,7
Fast Five,2011,7.3
Moneyball,2011,7.6
Suits,2011,8.6
Super 8,2011,7
Friends with Benefits,2011,6.6
50/50,2011,7.7
Black Mirror,2011,8.9
Hugo,2011,7.5
Real Steel,2011,7.1
Homeland,2011,8.3
Green Lantern,2011,5.5
Bridesmaids,2011,6.8
American Horror Story,2011,8.1
Unknown,2011,6.9
The Grey,2011,6.8
The Adjustment Bureau,2011,7.1
Kung Fu Panda 2,2011,7.2
The Descendants,2011,7.3
Paul,2011,7
Sucker Punch,2011,6.1
I Am Number Four,2011,6.1
The Artist,2011,7.9
Rango,2011,7.2
The Ides of March,2011,7.1
The Twilight Saga: Breaking Dawn - Part 1,2011,4.9
The Adventures of Tintin,2011,7.3
Contagion,2011,6.6
Game of Thrones,2011,9.5
Harry Potter and the Deathly Hallows: Part 2,2011,8.1
The Intouchables,2011,8.5
Thor,2011,7
Captain America: The First Avenger,2011,6.9
X: First Class,2011,7.7
Drive,2011,7.8
Limitless,2011,7.4
Rise of the Planet of the Apes,2011,7.6
Source Code,2011,7.5
Pirates of the Caribbean: On Stranger Tides,2011,6.6
"Crazy, Stupid, Love.",2011,7.4
The Hangover Part II,2011,6.5
Mission: Impossible - Ghost Protocol,2011,7.4
Warrior,2011,8.2
Horrible Bosses,2011,6.9
Sherlock Holmes: A Game of Shadows,2011,7.5
The Help,2011,8.1
The Girl with the Dragon Tattoo,2011,7.8
Transformers: Dark of the Moon,2011,6.3
Midnight in Paris,2011,7.7
In Time,2011,6.7
The Cabin in the Woods,2011,7
Fast Five,2011,7.3
Moneyball,2011,7.6
Suits,2011,8.6
Super 8,2011,7
Friends with Benefits,2011,6.6
50/50,2011,7.7
Black Mirror,2011,8.9
Hugo,2011,7.5
Real Steel,2011,7.1
Homeland,2011,8.3
Green Lantern,2011,5.5
Bridesmaids,2011,6.8
American Horror Story,2011,8.1
Unknown,2011,6.9
The Grey,2011,6.8
The Adjustment Bureau,2011,7.1
Kung Fu Panda 2,2011,7.2
The Descendants,2011,7.3
Paul,2011,7
Sucker Punch,2011,6.1
I Am Number Four,2011,6.1
The Artist,2011,7.9
Rango,2011,7.2
The Ides of March,2011,7.1
The Twilight Saga: Breaking Dawn - Part 1,2011,4.9
The Adventures of Tintin,2011,7.3
Contagion,2011,6.6
The Dark Knight Rises,2012,8.4
Django Unchained,2012,8.4
The Avengers,2012,8.1
The Hunger Games,2012,7.2
The Hobbit: An Unexpected Journey,2012,7.9
Silver Linings Playbook,2012,7.7
Skyfall,2012,7.8
Prometheus,2012,7
Ted,2012,6.9
Argo,2012,7.7
Life of Pi,2012,7.9
The Amazing Spider-Man,2012,7
Looper,2012,7.4
21 Jump Street,2012,7.2
The Perks of Being a Wallflower,2012,8
Arrow,2012,7.7
Wreck-It Ralph,2012,7.7
Brave,2012,7.1
Cloud Atlas,2012,7.4
Men in Black 3,2012,6.8
Flight,2012,7.3
Moonrise Kingdom,2012,7.8
Les MisÃ©rables,2012,7.6
Jack Reacher,2012,7
The Expendables 2,2012,6.6
Taken 2,2012,6.3
The Bourne Legacy,2012,6.7
Snow White and the Huntsman,2012,6.1
Pitch Perfect,2012,7.2
The Dictator,2012,6.4
Zero Dark Thirty,2012,7.4
John Carter,2012,6.6
Jagten,2012,8.3
Dredd,2012,7.1
Chronicle,2012,7.1
Dark Shadows,2012,6.2
Total Recall,2012,6.3
Lincoln,2012,7.4
Battleship,2012,5.8
The Place Beyond the Pines,2012,7.3
Seven Psychopaths,2012,7.2
The Twilight Saga: Breaking Dawn - Part 2,2012,5.5
Lawless,2012,7.3
End of Watch,2012,7.6
Hotel Transylvania,2012,7.1
Sinister,2012,6.8
American Reunion,2012,6.7
Safe House,2012,6.8
Project X,2012,6.7
Lo imposible,2012,7.6
The Dark Knight Rises,2012,8.4
Django Unchained,2012,8.4
The Avengers,2012,8.1
The Hunger Games,2012,7.2
The Hobbit: An Unexpected Journey,2012,7.9
Silver Linings Playbook,2012,7.7
Skyfall,2012,7.8
Prometheus,2012,7
Ted,2012,6.9
Argo,2012,7.7
Life of Pi,2012,7.9
The Amazing Spider-Man,2012,7
Looper,2012,7.4
21 Jump Street,2012,7.2
The Perks of Being a Wallflower,2012,8
Arrow,2012,7.7
Wreck-It Ralph,2012,7.7
Brave,2012,7.1
Cloud Atlas,2012,7.4
Men in Black 3,2012,6.8
Flight,2012,7.3
Moonrise Kingdom,2012,7.8
Les MisÃ©rables,2012,7.6
Jack Reacher,2012,7
The Expendables 2,2012,6.6
Taken 2,2012,6.3
The Bourne Legacy,2012,6.7
Snow White and the Huntsman,2012,6.1
Pitch Perfect,2012,7.2
The Dictator,2012,6.4
Zero Dark Thirty,2012,7.4
John Carter,2012,6.6
Jagten,2012,8.3
Dredd,2012,7.1
Chronicle,2012,7.1
Dark Shadows,2012,6.2
Total Recall,2012,6.3
Lincoln,2012,7.4
Battleship,2012,5.8
The Place Beyond the Pines,2012,7.3
Seven Psychopaths,2012,7.2
The Twilight Saga: Breaking Dawn - Part 2,2012,5.5
Lawless,2012,7.3
End of Watch,2012,7.6
Hotel Transylvania,2012,7.1
Sinister,2012,6.8
American Reunion,2012,6.7
Safe House,2012,6.8
Project X,2012,6.7
Lo imposible,2012,7.6
The Wolf of Wall Street,2013,8.2
Gravity,2013,7.7
Iron Man Three,2013,7.2
Man of Steel,2013,7.1
The Hunger Games: Catching Fire,2013,7.5
12 Years a Slave,2013,8.1
The Hobbit: The Desolation of Smaug,2013,7.8
World War Z,2013,7
Now You See Me,2013,7.3
Thor: The Dark World,2013,7
Prisoners,2013,8.1
Frozen,2013,7.5
Her,2013,8
Oblivion,2013,7
Star Trek Into Darkness,2013,7.7
Pacific Rim,2013,6.9
The Great Gatsby,2013,7.3
House of Cards,2013,8.8
American Hustle,2013,7.2
Dallas Buyers Club,2013,8
The Wolverine,2013,6.7
Elysium,2013,6.6
The Conjuring,2013,7.5
Rush,2013,8.1
Captain Phillips,2013,7.8
We're the Millers,2013,7
This Is the End,2013,6.6
Furious 6,2013,7.1
Despicable Me 2,2013,7.4
Vikings,2013,8.6
Monsters University,2013,7.3
The Secret Life of Walter Mitty,2013,7.3
The Hangover Part III,2013,5.8
About Time,2013,7.8
Rick and Morty,2013,9.3
Orange Is the New Black,2013,8.1
Lone Survivor,2013,7.5
Kick-Ass 2,2013,6.6
Olympus Has Fallen,2013,6.5
Snowpiercer,2013,7.1
The World's End,2013,7
Don Jon,2013,6.6
Ender's Game,2013,6.6
Escape Plan,2013,6.7
Warm Bodies,2013,6.9
The Lone Ranger,2013,6.4
Hannibal,2013,8.5
Gangster Squad,2013,6.7
Oz the Great and Powerful,2013,6.3
White House Down,2013,6.4
The Wolf of Wall Street,2013,8.2
Gravity,2013,7.7
Iron Man Three,2013,7.2
Man of Steel,2013,7.1
The Hunger Games: Catching Fire,2013,7.5
12 Years a Slave,2013,8.1
The Hobbit: The Desolation of Smaug,2013,7.8
World War Z,2013,7
Now You See Me,2013,7.3
Thor: The Dark World,2013,7
Prisoners,2013,8.1
Frozen,2013,7.5
Her,2013,8
Oblivion,2013,7
Star Trek Into Darkness,2013,7.7
Pacific Rim,2013,6.9
The Great Gatsby,2013,7.3
House of Cards,2013,8.8
American Hustle,2013,7.2
Dallas Buyers Club,2013,8
The Wolverine,2013,6.7
Elysium,2013,6.6
The Conjuring,2013,7.5
Rush,2013,8.1
Captain Phillips,2013,7.8
We're the Millers,2013,7
This Is the End,2013,6.6
Furious 6,2013,7.1
Despicable Me 2,2013,7.4
Vikings,2013,8.6
Monsters University,2013,7.3
The Secret Life of Walter Mitty,2013,7.3
The Hangover Part III,2013,5.8
About Time,2013,7.8
Rick and Morty,2013,9.3
Orange Is the New Black,2013,8.1
Lone Survivor,2013,7.5
Kick-Ass 2,2013,6.6
Olympus Has Fallen,2013,6.5
Snowpiercer,2013,7.1
The World's End,2013,7
Don Jon,2013,6.6
Ender's Game,2013,6.6
Escape Plan,2013,6.7
Warm Bodies,2013,6.9
The Lone Ranger,2013,6.4
Hannibal,2013,8.5
Gangster Squad,2013,6.7
Oz the Great and Powerful,2013,6.3
White House Down,2013,6.4
Interstellar,2014,8.6
Guardians of the Galaxy,2014,8.1
Gone Girl,2014,8.1
Captain America: The Winter Soldier,2014,7.8
The Grand Budapest Hotel,2014,8.1
X-Men: Days of Future Past,2014,8
The Imitation Game,2014,8
Whiplash,2014,8.5
Edge of Tomorrow,2014,7.9
Kingsman: The Secret Service,2014,7.7
Birdman or (The Unexpected Virtue of Ignorance),2014,7.7
The Hobbit: The Battle of the Five Armies,2014,7.4
True Detective,2014,9
John Wick,2014,7.3
Ex Machina,2014,7.7
Lucy,2014,6.4
Nightcrawler,2014,7.9
American Sniper,2014,7.3
Divergent,2014,6.7
Dawn of the Planet of the Apes,2014,7.6
The Amazing Spider-Man 2,2014,6.6
The Maze Runner,2014,6.8
Fury,2014,7.6
The Hunger Games: Mockingjay - Part 1,2014,6.7
Big Hero 6,2014,7.8
The Theory of Everything,2014,7.7
Godzilla,2014,6.4
22 Jump Street,2014,7
Boyhood,2014,7.9
The Fault in Our Stars,2014,7.7
Maleficent,2014,7
The Lego Movie,2014,7.8
The Equalizer,2014,7.2
The Interview,2014,6.5
Transformers: Age of Extinction,2014,5.7
The Flash,2014,7.9
How to Train Your Dragon 2,2014,7.8
Fargo,2014,9
Neighbors,2014,6.3
300: Rise of an Empire,2014,6.2
Non-Stop,2014,7
Noah,2014,5.8
Predestination,2014,7.5
RoboCop,2014,6.2
Transcendence,2014,6.3
Teenage Mutant Ninja Turtles,2014,5.8
Gotham,2014,7.9
It Follows,2014,6.8
Chef,2014,7.3
The 100,2014,7.8
Interstellar,2014,8.6
Guardians of the Galaxy,2014,8.1
Gone Girl,2014,8.1
Captain America: The Winter Soldier,2014,7.8
The Grand Budapest Hotel,2014,8.1
X-Men: Days of Future Past,2014,8
The Imitation Game,2014,8
Whiplash,2014,8.5
Edge of Tomorrow,2014,7.9
Kingsman: The Secret Service,2014,7.7
Birdman or (The Unexpected Virtue of Ignorance),2014,7.7
The Hobbit: The Battle of the Five Armies,2014,7.4
True Detective,2014,9
John Wick,2014,7.3
Ex Machina,2014,7.7
Lucy,2014,6.4
Nightcrawler,2014,7.9
American Sniper,2014,7.3
Divergent,2014,6.7
Dawn of the Planet of the Apes,2014,7.6
The Amazing Spider-Man 2,2014,6.6
The Maze Runner,2014,6.8
Fury,2014,7.6
The Hunger Games: Mockingjay - Part 1,2014,6.7
Big Hero 6,2014,7.8
The Theory of Everything,2014,7.7
Godzilla,2014,6.4
22 Jump Street,2014,7
Boyhood,2014,7.9
The Fault in Our Stars,2014,7.7
Maleficent,2014,7
The Lego Movie,2014,7.8
The Equalizer,2014,7.2
The Interview,2014,6.5
Transformers: Age of Extinction,2014,5.7
The Flash,2014,7.9
How to Train Your Dragon 2,2014,7.8
Fargo,2014,9
Neighbors,2014,6.3
300: Rise of an Empire,2014,6.2
Non-Stop,2014,7
Noah,2014,5.8
Predestination,2014,7.5
RoboCop,2014,6.2
Transcendence,2014,6.3
Teenage Mutant Ninja Turtles,2014,5.8
Gotham,2014,7.9
It Follows,2014,6.8
Chef,2014,7.3
The 100,2014,7.8
Star Wars: Episode VII - The Force Awakens,2015,8
Mad Max: Fury Road,2015,8.1
The Martian,2015,8
Avengers: Age of Ultron,2015,7.4
The Revenant,2015,8
Jurassic World,2015,7
Inside Out,2015,8.2
Ant-Man,2015,7.3
The Hateful Eight,2015,7.8
Spotlight,2015,8.1
Spectre,2015,6.8
Furious Seven,2015,7.2
Daredevil,2015,8.7
Sicario,2015,7.6
Mission: Impossible - Rogue Nation,2015,7.4
Room,2015,8.2
The Big Short,2015,7.8
Narcos,2015,8.8
Fifty Shades of Grey,2015,4.1
Mr. Robot,2015,8.6
Bridge of Spies,2015,7.6
The Hunger Games: Mockingjay - Part 2,2015,6.6
Better Call Saul,2015,8.7
The Man from U.N.C.L.E.,2015,7.3
Terminator Genisys,2015,6.4
Creed,2015,7.6
Spy,2015,7
Chappie,2015,6.8
Maze Runner: The Scorch Trials,2015,6.3
Southpaw,2015,7.4
Insurgent,2015,6.2
Minions,2015,6.4
San Andreas,2015,6.1
Focus,2015,6.6
The Intern,2015,7.1
Everest,2015,7.1
The Lobster,2015,7.1
Jessica Jones,2015,8.1
Jupiter Ascending,2015,5.3
Straight Outta Compton,2015,7.9
Ted 2,2015,6.3
Tomorrowland,2015,6.4
Black Mass,2015,6.9
The VVitch: A New-England Folktale,2015,6.8
The Danish Girl,2015,7.1
Cinderella,2015,6.9
Fantastic Four,2015,4.3
Steve Jobs,2015,7.2
The Age of Adaline,2015,7.2
Legend,2015,7
Star Wars: Episode VII - The Force Awakens,2015,8
Mad Max: Fury Road,2015,8.1
The Martian,2015,8
Avengers: Age of Ultron,2015,7.4
The Revenant,2015,8
Jurassic World,2015,7
Inside Out,2015,8.2
Ant-Man,2015,7.3
The Hateful Eight,2015,7.8
Spotlight,2015,8.1
Spectre,2015,6.8
Furious Seven,2015,7.2
Daredevil,2015,8.7
Sicario,2015,7.6
Mission: Impossible - Rogue Nation,2015,7.4
Room,2015,8.2
The Big Short,2015,7.8
Narcos,2015,8.8
Fifty Shades of Grey,2015,4.1
Mr. Robot,2015,8.6
Bridge of Spies,2015,7.6
The Hunger Games: Mockingjay - Part 2,2015,6.6
Better Call Saul,2015,8.7
The Man from U.N.C.L.E.,2015,7.3
Terminator Genisys,2015,6.4
Creed,2015,7.6
Spy,2015,7
Chappie,2015,6.8
Maze Runner: The Scorch Trials,2015,6.3
Southpaw,2015,7.4
Insurgent,2015,6.2
Minions,2015,6.4
San Andreas,2015,6.1
Focus,2015,6.6
The Intern,2015,7.1
Everest,2015,7.1
The Lobster,2015,7.1
Jessica Jones,2015,8.1
Jupiter Ascending,2015,5.3
Straight Outta Compton,2015,7.9
Ted 2,2015,6.3
Tomorrowland,2015,6.4
Black Mass,2015,6.9
The VVitch: A New-England Folktale,2015,6.8
The Danish Girl,2015,7.1
Cinderella,2015,6.9
Fantastic Four,2015,4.3
Steve Jobs,2015,7.2
The Age of Adaline,2015,7.2
Legend,2015,7
Deadpool,2016,8
Batman v Superman: Dawn of Justice,2016,6.5
Stranger Things,2016,8.9
Captain America: Civil War,2016,7.8
Suicide Squad,2016,6.1
Arrival,2016,7.9
Doctor Strange,2016,7.5
Rogue One,2016,7.8
La La Land,2016,8
Zootopia,2016,8
Hacksaw Ridge,2016,8.1
Fantastic Beasts and Where to Find Them,2016,7.3
X-Men: Apocalypse,2016,7
Split,2016,7.3
Westworld,2016,8.8
Passengers,2016,7
10 Cloverfield Lane,2016,7.2
The Jungle Book,2016,7.4
The Nice Guys,2016,7.4
The Accountant,2016,7.3
Warcraft,2016,6.9
Moonlight,2016,7.4
Moana,2016,7.6
Now You See Me 2,2016,6.5
Manchester by the Sea,2016,7.8
Finding Dory,2016,7.3
Star Trek Beyond,2016,7.1
Nocturnal Animals,2016,7.5
Sully,2016,7.5
The Conjuring 2,2016,7.4
Jason Bourne,2016,6.6
Ghostbusters,2016,5.2
Don't Breathe,2016,7.1
Lion,2016,8.1
Hell or High Water,2016,7.6
Me Before You,2016,7.4
Hidden Figures,2016,7.8
The Magnificent Seven,2016,6.9
The Promise,2016,6.1
Assassin's Creed,2016,5.8
 Game of Thrones,2011,9.9
The Secret Life of Pets,2016,6.5
Sausage Party,2016,6.2
Captain Fantastic,2016,7.9
Independence Day: Resurgence,2016,5.2
War Dogs,2016,7.1
The Legend of Tarzan,2016,6.3
The Girl on the Train,2016,6.5
Miss Peregrine's Home for Peculiar Children,2016,6.7
Inferno,2016,6.2
Deadpool,2016,8
Batman v Superman: Dawn of Justice,2016,6.5
Stranger Things,2016,8.9
Captain America: Civil War,2016,7.8
Suicide Squad,2016,6.1
Arrival,2016,7.9
Doctor Strange,2016,7.5
Rogue One,2016,7.8
La La Land,2016,8
Zootopia,2016,8
Hacksaw Ridge,2016,8.1
Fantastic Beasts and Where to Find Them,2016,7.3
X-Men: Apocalypse,2016,7
Split,2016,7.3
Westworld,2016,8.8
Passengers,2016,7
10 Cloverfield Lane,2016,7.2
The Jungle Book,2016,7.4
The Nice Guys,2016,7.4
The Accountant,2016,7.3
Warcraft,2016,6.9
Moonlight,2016,7.4
Moana,2016,7.6
Now You See Me 2,2016,6.5
Manchester by the Sea,2016,7.8
Finding Dory,2016,7.3
Star Trek Beyond,2016,7.1
Nocturnal Animals,2016,7.5
Sully,2016,7.5
The Conjuring 2,2016,7.4
Jason Bourne,2016,6.6
Ghostbusters,2016,5.2
Don't Breathe,2016,7.1
Lion,2016,8.1
Hell or High Water,2016,7.6
Me Before You,2016,7.4
Hidden Figures,2016,7.8
The Magnificent Seven,2016,6.9
The Promise,2016,6.1
Assassin's Creed,2016,5.8
 Game of Thrones,2011,9.9
The Secret Life of Pets,2016,6.5
Sausage Party,2016,6.2
Captain Fantastic,2016,7.9
Independence Day: Resurgence,2016,5.2
War Dogs,2016,7.1
The Legend of Tarzan,2016,6.3
The Girl on the Train,2016,6.5
Miss Peregrine's Home for Peculiar Children,2016,6.7
Inferno,2016,6.2
Logan,2017,8.1
Wonder Woman,2017,7.5
Dunkirk,2017,7.9
Guardians of the Galaxy Vol. 2,2017,7.7
Star Wars: Episode VIII - The Last Jedi,2017,7.2
Thor: Ragnarok,2017,7.9
Spider-Man: Homecoming,2017,7.5
Get Out,2017,7.7
Blade Runner 2049,2017,8
Baby Driver,2017,7.6
It,2017,7.4
"Three Billboards Outside Ebbing, Missouri",2017,8.2
Justice League,2017,6.5
The Shape of Water,2017,7.3
John Wick: Chapter 2,2017,7.5
Coco,2017,8.4
Jumanji: Welcome to the Jungle,2017,7
Beauty and the Beast,2017,7.2
Kong: Skull Island,2017,6.6
Kingsman: The Golden Circle,2017,6.8
Alien: Covenant,2017,6.4
Pirates of the Caribbean: Dead Men Tell No Tales,2017,6.6
13 Reasons Why,2017,8
War for the Planet of the Apes,2017,7.5
The Greatest Showman,2017,7.6
The Fate of the Furious,2017,6.7
Life,2017,6.6
Murder on the Orient Express,2017,6.5
Ghost in the Shell,2017,6.4
Lady Bird,2017,7.4
King Arthur: Legend of the Sword,2017,6.8
Wind River,2017,7.7
The Hitman's Bodyguard,2017,6.9
Mother!,2017,6.6
The Mummy,2017,5.5
Atomic Blonde,2017,6.7
Call Me by Your Name,2017,7.9
Bright,2017,6.4
The Punisher,2017,8.6
Valerian and the City of a Thousand Planets,2017,6.5
"I, Tonya",2017,7.5
Darkest Hour,2017,7.4
Baywatch,2017,5.6
American Made,2017,7.2
La casa de papel,2017,8.6
Transformers: The Last Knight,2017,5.2
Mindhunter,2017,8.5
The Lego Batman Movie,2017,7.3
The Handmaid's Tale,2017,8.6
The Disaster Artist,2017,7.4
Logan,2017,8.1
Wonder Woman,2017,7.5
Dunkirk,2017,7.9
Guardians of the Galaxy Vol. 2,2017,7.7
Star Wars: Episode VIII - The Last Jedi,2017,7.2
Thor: Ragnarok,2017,7.9
Spider-Man: Homecoming,2017,7.5
Get Out,2017,7.7
Blade Runner 2049,2017,8
Baby Driver,2017,7.6
It,2017,7.4
"Three Billboards Outside Ebbing, Missouri",2017,8.2
Justice League,2017,6.5
The Shape of Water,2017,7.3
John Wick: Chapter 2,2017,7.5
Coco,2017,8.4
Jumanji: Welcome to the Jungle,2017,7
Beauty and the Beast,2017,7.2
Kong: Skull Island,2017,6.6
Kingsman: The Golden Circle,2017,6.8
Alien: Covenant,2017,6.4
Pirates of the Caribbean: Dead Men Tell No Tales,2017,6.6
13 Reasons Why,2017,8
War for the Planet of the Apes,2017,7.5
The Greatest Showman,2017,7.6
The Fate of the Furious,2017,6.7
Life,2017,6.6
Murder on the Orient Express,2017,6.5
Ghost in the Shell,2017,6.4
Lady Bird,2017,7.4
King Arthur: Legend of the Sword,2017,6.8
Wind River,2017,7.7
The Hitman's Bodyguard,2017,6.9
Mother!,2017,6.6
The Mummy,2017,5.5
Atomic Blonde,2017,6.7
Call Me by Your Name,2017,7.9
Bright,2017,6.4
The Punisher,2017,8.6
Valerian and the City of a Thousand Planets,2017,6.5
"I, Tonya",2017,7.5
Darkest Hour,2017,7.4
Baywatch,2017,5.6
American Made,2017,7.2
La casa de papel,2017,8.6
Transformers: The Last Knight,2017,5.2
Mindhunter,2017,8.5
The Lego Batman Movie,2017,7.3
The Handmaid's Tale,2017,8.6
The Disaster Artist,2017,7.4
